id,text
1,"Vaccination centers are crowded today but people seem hopeful about the rollout."
2,"Many users are discussing public health policy and trust in official updates."
3,"The news coverage today focuses on rising cases and hospital preparedness."
4,"People are sharing frustration about misinformation spreading online."
5,"Some posts express gratitude for frontline healthcare workers."
6,"Discussion is shifting toward economic recovery and local business reopening."
7,"Users debate whether media headlines create panic or awareness."
8,"Several comments mention uncertainty, stress, and digital fatigue."
9,"Public reactions show concern about healthcare access in rural areas."
10,"Many conversations praise data dashboards and transparent reporting."
11,"Posts discuss online education challenges during crisis periods."
12,"People react strongly to breaking news alerts and policy announcements."
